{"cameraMode":{"drawMode":0,"name":"Shaded","section":"Shading Mode"},"sceneLighting":false,"audioPlay":false,"sceneViewState":{"m_AlwaysRefresh":false,"showFog":true,"showSkybox":false,"showFlares":true,"showImageEffects":true,"showParticleSystems":true,"showVisualEffectGraphs":true,"m_FxEnabled":true},"in2DMode":false,"pivot":{"x":-0.3926999866962433,"y":0.07829999923706055,"z":0.7034000158309937},"rotation":{"x":0.15955433249473573,"y":-0.7164885997772217,"z":0.17421679198741914,"w":0.6563402414321899},"size":0.12247451394796372,"orthographic":false}